image-front,image-back,toggle,title,heading_FR,date_FR,text_FR,heading_EN,date_EN,text_EN,address_sender,address_recipient
/assets/images/muller/carousel/1945_enfants_Manek.jpg,,,Correspondence,,,"Henri Muller a conservé de nombreuses lettres et cartes échangées entre frères et soeur pendant la guerre mais aussi entre Manek et ses enfants. Cette correspondance épistolaire met en lumière l'amour qui liait la famille Muller. Malgré les risques encourus, le père n'a jamais cessé d'écrire à ses enfants et de s'assurer qu'ils ne manquaient de rien. La lecture du courrier de Manek raconte aussi l'histoire d'un immigré qui ne maîtrisait pas encore parfaitement la langue française et qui devait se cacher. Dans les lettres qu'il a écrites de sa main, on entend la mélodie de son accent qui se dégage de son écriture phonétique. Dans celles rédigées pour lui par son ami d'enfance, Marc Kleinman, qui parlait parfaitement le français et chez qui Manek se cachait à Périgueux, l'accent disparaît derrière un texte à la grammaire et l'orthographe précises. Il y aussi des lettres à l'orthographe approximative redigées par des Français, comme vraisemblablement la concierge de la place du Guignier. Lire ces textes, c'est dérouler le fil intime qui a relié la famille malgré la séparation. Mais c'est aussi découvrir l'histoire d'un immigré à travers ses pérégrinations linguistiques. Celui qui s'appelait Manek Schneps dans son pays natal est devenu Manek Muller dans son pays d'adoption. Bien que son courrier soit signé Muller, c'est pourtant Schneps qui s'exprime à travers une langue qui lui échappe souvent et qui, malgré tout, réussit à exprimer tout son amour à ses enfants."",""Maison St Vincent de Paul pour H. et J. Muller 34, rue des Tournelles L’Hay-les-Roses (Seine)",,,"Henri Muller has kept many letters and cards exchanged between brothers and sisters during the war but also between Manek and his children. This epistolary correspondence highlights the love that bound the Muller family. Despite the risks involved, the father never stopped writing to his children and making sure they had everything they needed. Reading Manek's letters also tells the story of an immigrant who had not yet mastered the French language and had to hide. In his handwritten letters, we hear the melody of his accent that emerges from his phonetic writing. In the ones written for him by his childhood friend, Marc Kleinman, who spoke French perfectly and with whom Manek was hiding in Périgueux, the accent disappears behind a text displaying precise grammar and spelling. There are also letters with approximate spelling written by French people, such as the concierge of the Place du Guignier. To read these texts is to unwind the intimate thread that linked the family despite the separation. But it is also to discover the story of an immigrant through his linguistic peregrinations. The man who was called Manek Schneps in his native country became Manek Muller in his adopted country. Although his letters are signed Muller, it is Schneps who expresses himself through a language that often escapes him and who, in spite of everything, succeeds in expressing all his love to his children.",,
/assets/images/muller/letters/28_juillet_1942.jpg,/assets/images/muller/letters/28_juillet_1942_back.jpg,yes,,Lettre du 28 juillet 1942 (Manek à Henri et Jean),Paris le 28-7-42,"Chèr Henri et Jean     je m’etonne beaucoup pourquoi vous ne m’avez pas écrit jusqu’a presentj’ose penser que vous n’avez pas eu mon adresse, alors voici monadresse : Mme Veuve Fossiés6. Place du Guignier Pour tailleurParis (20me) j’éspère que vous-voustrouvez ent bonne santé et qui nevous ne manque de rien, maintenantécrit moi ci vous avez besoin d’un colis. avec fruit dedans. acheter toujours ce qu’il te faut ent attendant [?]les 300 franc que je vous ai donnern’oubli pas chèr jean de te soignerton oreille ci tu n’a pas de medicamentsfait demander l’ordonnance par la soeur entdonnant l’adresse de la rue des pyrénéesParis. j’ai reçu des nouvelles de mamanelle ce trouve a Beaune-la Rolandeécrit a ta maman une lettre pourla consolé car jusqua present ellene sait ou tu te trouve alors voicil’adresse. Camp de HébèrgementBaune-la-Rolande Mme Muller(loiret) n’oublier de m’écrire toute la vérité çi vous etes bien j’éspère quevous-vous ennuyer pas. Et çi il vousne manque rienje termine ma lettre et ecrit moide suite. ton Pere qui pense a toi                                    Muller","Letter from July 28, 1942 (from Manek to Henri and Jean)","Paris, 7.28.42","Dear Henri and Jean 
I am very surprised why you have not written to me until now
I dare to think that you did not get my address, so here is my address: Mrs. Widow Fossiés 6. Place du Guignier For tailor Paris (20th) I hope you find yourself in good health and that you you do not lack anything, now write me if you need a parcel. with fruit in it. always buy what you need in the meantime [?] the 300 francs I gave you don't forget dear jean to take care of your ear if you have no medicine ask the sister for the prescription by giving the address of the rue des pyrénées Paris. I have received news from mom she is in Beaune-la Rolande write a letter to your mom to console her because until now she doesn't know where you are, so here is the address. Housing Camp Baune-la-Rolande Mme Muller (loiret) don't forget to write me the whole truth if you are well I hope that you don't get bored. And that you don't  need anything I finish my letter and write me immediately. your Father who thinks of you 
Muller
",n/a,n/a
/assets/images/muller/letters/carte_23.8.1942.jpg,/assets/images/muller/letters/carte_23.8.1942_back.jpg,yes,,Carte du 23 août 1942 (Manek à Henri et Jean),Le 23 août 1942,"Chers Henri et Jean J’étais oblige de quitter Paris pour quelque temps et ne pourrais pas vous voir de sitôt. J’en suis très peiné. Je vous prie beaucoup de m'écrire très régulièrement une carte une fois par semaine à l’adresse de Marc Kleinman 81, rue de Bordeaux – Périgueux. Je penserai à vous tout le temps mais ne m’oubliez pas non plus. J’espèreque nous pourrons nous revoir bientôt. Si vous avez besoin de quelque chose pour un dessert écrivez à la maison Evain 156, rue Pelleport Paris 20e qui vous enverra ce que vous deman-derez. Tout est payé d’avance.Je n’ai pas encore eu de nouvelles de Maman. N’oublie pas mon petit Henri de soigner Jean. Encore une fois je vous prie de m’écrire une fois par semaine.Je vous embrasse bien fort tous les deux.Votre père         Muller","Postcard from August 23, 1942 (From Manek to Henri and Jean)","August 23rd, 1942","Dear Henri and Jean 
I was obliged to leave Paris for some time and will not be able to see you any time soon. I am very sorry about this. I beg you very much to write me very regularly a card once a week to the address of Marc Kleinman 81, rue de Bordeaux - Périgueux. I will think of you all the time but don't forget me either. I hope we can meet again soon. If you need something for a dessert write to the house Evain 156, rue Pelleport Paris 20th who will send you what you want. Everything is paid in advance. I have not yet heard from Mom. Don't forget my little Henri to take care of Jean. Once again I ask you to write to me once a week. I give you both a big kiss. 
Your father Muller
","Marc Kleinman
pour Muller
81 rue de Bordeaux
Périgueux
(Dordogne)
(pour Miller) 

","Colonie de vacances
St Vincent de Paul
pour Henri et Jean Muller
34, rue des tournelles
L’Hay les-roses
(Seine)
"
/assets/images/muller/letters/carte_7.9.42.jpg,/assets/images/muller/letters/carte_7.9.42_back.jpg,yes,,Carte du 7 septembre 1942 (Manek à Henri et Jean),Le 7.9.42,"Mes chers petits, Merci beaucoup pour votrecarte, je vous prie beaucoup de m’écrire régulièrement. Je suis maintenant à la campagne depuis le 1er et travaille dans une ferme. Je pense toujours à vous à Maman et les deux autrespetits et espère que nous nous ver-rons tous bientôt. Soyez forts et cou-rageux et esperez. Mon petit Henri écris, je te prie, à Soeur Clotilde 140, rue du Bac Paris 7e, pour la prier de rechercher encore maman Annette et Michel, elle est très bonne et pourra peut être faire quelques chose. Mon petit Jean ton oreille est-elle déjà guérie ? Ecrivez-moi souvent. Je vous embrasse bien fort                                     Papa","Postcard from September 7, 1942 (From Manek to Henri and Jean)",9.7.42,"My dear little ones 
Thank you very much for your card, I beg you very much to write me regularly. I am now in the country since the 1st and work on a farm. I always think of you of Mom and the other two little ones and hope that we will all see each other soon. Be strong and courageous and hope. My little Henri please write to Sister Clotilde 140, rue du Bac Paris 7th, to ask her to look again for mom, Annette and Michel, she is very kind and may be able to do something. My little Jean, is your ear already healed? Write to me often. I give you a big kiss
 Dad

","Marc Kleinman
pour M. Muller
81 rue de Bordeaux
Périgueux (Dordogne)


","Maison
St Vincent de Paul
pour H. et J. Muller
34, rue des Tournelles
L’Hay-les-Roses
(Seine)
"
/assets/images/muller/letters/carte_22.9.42.jpg,/assets/images/muller/letters/carte_22.9.42_back.jpg,yes,,Carte du 22 septembre 1942 (Manek à Henri et Jean),Agonac le 22 sept. 1942,"Cher Henri et Jean ! J’ai recu votre carte qui ma fait bien plaisir,je suis très content que vous êtesen bonne sante, si ta encore des medicaments pour les oreilles. De mama et de Anette (sic) et Michel je suis toujours sans nou-velles. pour vous faire venir je fais tous mon possible pour etre avec moi. Attendes avec patiente et n’oublies pas que on a pas le droit de venir chez nous votre pere qui pense a vous                            Miller (sic)","Postcard from September 22, 1942 (From Manek to Henri and Jean)","Agonac Sept. 22, 1942","Dear Henri and Jean ! 
I received your card which made me very happy, I am very happy that you are in good health, if you still have medicine for your ears. From mom and Anette (sic) and Michel I am still without news. to get you to come I am doing everything to be with me. Wait patiently and don't forget that we are not allowed to come to our house your father who thinks of you 
Miller (sic)

","Kleinman
pour Muller
81 rue de Bordeaux
Périgueux
(Dordogne)


","Maison
St Vincent de Paul
34, rue des Tournelles
L’Hay-les-Roses
(Seine)
pour Henri et Jean Muller "
/assets/images/muller/letters/carte_10.10.42.jpg,/assets/images/muller/letters/carte_10.10.42_back.jpg,yes,,Carte du 10 octobre 1942 (Manek à Henri et Jean),Agonac le 10 octobre 1942,"Chers Henri et Jeanmème que je n’ai pas encore recu denouvelles de vous quand meme je vousecris quelques mots. Dabord je vous faitsavoir que je vous ai envoyer un colis.Si vous allez à l’école ? ècrivez moile, et si vous allez bien.Ecrivez tout ce que se passe.Je vous embrasse bien fort    votre père que pense a vous                    Muller (signature)","Postcard from October 10, 1942 (from Manek to Henri and Jean)","Agonac October 10, 1942","Dear Henri and Jean 
even though I have not yet received any news from you I am writing you a few words. First of all I want to let you know that I have sent you a package. If you are going to school? write it to me and if you are doing well. Write everything that is happening. I send you a big kiss your father who thinks of you 
Muller (signature)

"," Monsieur
 Kleinman Marc 
 pour Muller
81 rue de Bordeaux
   Perigueux 
        (Dordogne)
","        Maison
  St Vincent de Paul
34, rue des Tournelles
     L’Hay-les-Roses
            (Seine)
    pour Henri et Jean
"
/assets/images/muller/letters/carte_15.10.42.1.jpg,/assets/images/muller/letters/carte_15.10.42.1_back.jpg,yes,,Carte du 15 octobre 1942 (Manek à Henri et Jean),Le 15.10-42,"Mes chers enfants.    J’ai bien reçu votre carte et en était très content. C’était propre, bien écrit et sans fautes d’ortho-graphe. J’espère que vous allez continuer ainsi. Vous avez de nouveau commencé à aller à l’é-cole. Il faudra bien travaillerfaire régulièremet tous vos de-voirs et surtout veiller à lapropreté et être bien sages. Con-tinuez à m’écrire chaque semaine. La lecture de vos cartes est mon seul plaisir. Je vous ai envoyé un petit colis et vais vous envoyer un autre bientôt, J’espère, mes chers enfants, avoir bientôt des nouvelles de Michel et Anette (sic).Votre papa qui pense à vous, vous em-brasse bien fort tous les deux. Muller ","Postcard from October 15, 1942 (from Manek to Henri and Jean)",10.15-42,"My dear children. 
I received your card and was very happy with it. It was clean, well written and without spelling mistakes. I hope that you will continue like this. You have started to go to school again. You will have to work hard to do regularly all your homework and above all to be clean and be very good. Continue to write to me every week. Reading your cards is my only pleasure. I have sent you a small package and will send you another one soon. I hope, my dear children, to have soon news from Michel and Anette (sic). Your dad, who is thinking of you, kisses you both very much. 
Muller 

","Marc Kleinman
pour Muller
81 rue de Bordeaux
Périgueux
(Dordogne)


","Mson St Vincent de Paul
pour Muller
34, rue des Tournelles
L’Hay-les-Roses
(Seine)
"
/assets/images/muller/letters/carte_15.10.42.jpg,/assets/images/muller/letters/carte_15.10.42_back.jpg,yes,,Carte du 15 octobre 1942 (Manek à Henri et Jean),Agonac le 15 oct.,"Cher Henri et Jean ! J’ai recu votre carte qui ma fait beaucoup plaisir je voudrais savoir si vous allez a l’ecole, et si vous avez deja recu le colis, je vous en-voyerais un autre colis, soyez sage a l’ecole. Moi je tra-vaille toujours dans une ferme de maman j’e n’ai pas de nouvelles, mai de Anette (sic) et de Michel, je vais savoir dans quelque jour. je vous embrasse bien fort votre pere qui pense a vous toujours            Miller (sic)","Postcard from October 15, 1942 (from Manek to Henri and Jean)",Agonac Oct. 15,"Dear Henri and Jean ! 
I received your card which made me very happy. I would like to know if you go to school, and if you have already received the package, I will send you another parcel. be good at school. I am still working in a farm about mom I have no news, but about Anette (sic) and Michel, I will know in a few days. I kiss you very much your father who thinks of you always Miller (sic) 
","M. Muller
chez Mlynarczyk
Agonac
Versailles
(Dordogne)
","Maison
St. Vincent de Paul
34 rue des Tournelles
L’Hay-les-Roses
               (Seine)
Pour Henri et Jean
"
/assets/images/muller/letters/carte_28.10.42.jpg,/assets/images/muller/letters/carte_28.10.42_back.jpg,yes,,Carte du 28 octobre 1942 (Manek à Henri et Jean),Le 28-10-42,"Mes chers petits. Votre carte m’a fait grand plaisir. Je suis heureux de vous savoir en bonne santé et espère que vous ne manquez de rien. Je vous recommande encore une fois de bien travailler à l’école, de faire régulièrement vos leçons et vos de-voirs. Vous me donnerez ainsi beaucoup de joie, car vous êtes main-tenant ma seule consolation. Je vous ai écrit dans la précédente carte, qu’en dehors des colis de Mme Schindler, je vous ai envoyé un colis d’ici ; l’avez-vous reçu ? Si vous êtes trop occupés pendant toute la semaine, écrivez moi tout le jeudi, c’est le jour où vous êtes plus libre ?    Votre père qui pense souvent à vous,  vous embrasse bien fort tous deux                                Manelle Muller","Postcard from October 28, 1942 (from Manek to Henri and Jean)",10..28-42,"
My dear little ones. 
Your card gave me great pleasure. I am happy to know that you are in good health and hope that you do not lack anything. I recommend to you again to do well at school, to do regularly your lessons and homework. You will give me thus a lot of joy, because you are now my only consolation. I wrote to you in the previous card, that in addition to Mrs. Schindler's packages, I sent you a package from here; did you receive it? If you are too busy during the whole week, write to me all Thursday, that's the day you are most free? Your father who thinks of you often, sends you both a big kiss 
Manelle Muller
","Marc Kleinman
pour M. Muller
81, rue de Bordeaux
Périgueux
(Dordogne)
","Mson St Vincent de Paul
pour H. et J. Muller
34, rue des Tournelles
L’Hay-les-Roses
(Seine)
"
/assets/images/muller/letters/carte_2.11.1942.jpg,/assets/images/muller/letters/carte_2.11.1942_back.jpg,yes,,Carte du 2 novembre 1942 (Manek à Henri et Jean),Agonac le 2 nov. 1942,"Cher Henri et Georges [?]Je bien recu votre carte, je suis tres contentesque vous alliers deja a l’ecole et en que vous travaillerbien. Mantenan je voudre bien savoir si vousAvés recu mes colis, que jé vous avez envoie ?Je voudre savoir, si vous avez tous ce que vousfaut pour allez a l’ecole ? Dite-moi si lesoreilles a Jean vont bien. Je voudrez bien quevous m’envoie toutes les semaines des vousnouvelles. De maman et des Annette et Michel, je suis son nouvellesJ’espere de obtonire bien’taute des nouvellesJe termine ma carte en vous envoyez mesmeillerurs beiser Votre pere que pense a vous Miller [sic]","Postcard from November 2, 1942 (from Manek to Henri and Jean)",Agonac Nov. 2nd 1942,"Dear Henri and Georges [?] 
I have received your card, I am very happy that you are already at school and that you are working well. Now I would like to know if you have you received my packages, which I sent to you? I want to know if you have everything you need to go to school? Tell me if Jean's ears are fine. I would like you to send me news every week. From mom and Annette and Michel, I have no news I hope to get some news soon I finish my card by sending you my best kisses Your father who thinks of you 
Miller [sic]
","Monsieur
Marc Kleinman
81 rue de Bordeaux
Périgueux
(Dordogne)
(pour Miller) (sic)
","Colonie de vacances
St Vincent de Paul
34 rue des tournelles
L’Hay les-roses
(Seine)
pour Henri et Jean
"
/assets/images/muller/letters/carte_4.11.42.jpg,/assets/images/muller/letters/carte_4.11.42_back.jpg,yes,,Carte du 4 novembre 1942 (Manek à Henri et Jean),Le 4.-11-42,"Mes chers petits.    Je viens de recevoir votre carte du 25 qui m’a fait bienplaisir. Je fais mon possible, mes chers enfants pour que nous puissions nous voir bientôt mais vous savez bien que cela ne dépend pas uniquement de moi. J’espère avoir bientôt des nouvelles de Michel et Anette (sic), je vous les transmettrai immédiatement. J’ai grand plaisir de savoir que vous travaillez bien à l’école. Vous m’écrivez que vous avez reçu mes colis. Est-ce que c’est le colis que je vous avais envoyé d’ici ? Avez vous tout ce dont vous avez besoin, vous faut-il un peu d’argent de poche ? Repondez-moi bien à toutes les questions. Votre père qui vous aime bien vous embrasse bien fort tous deux                Muller","Postcard from November 4, 1942 (from Manek to Henri and Jean)",11.4-42,"My dear little ones. 
I have just received your card of the 25th which gave me great joy. I do my best, my dear children so that we can see each other soon, but you know that it does not depend on me alone. I hope to have soon news from Michel and Anette (sic), I will pass them on to you immediately. It gives me great pleasure to know that you are working well at school. You write to me that you have received my packages. Is this the package I sent you from here? Do you have everything you need, do you need some pocket money? Answer me to all the questions. Your father who loves you very much kisses you warmly both of you 
Muller
","M. Marc Kleinman
  pour Muller
81 rue de Bordeaux
Périgueux
(Dgne)
","Mson Vincent de Paul
pour H. et J. Muller
34, rue des Tournelles
L’Hay-les-Roses
(Seine)
"
/assets/images/muller/letters/carte_6.11.42.jpg,/assets/images/muller/letters/carte_6.11.42_back.jpg,yes,,Carte du 6 novembre 1942 (Manek à Annette et Michel),Le 6-11-42,"Mes chers petits.     Je viens de recevoir ta cartema chère Annette et elle m’a faitun très grand plaisir. Je suis heu-reux de vous savoir tous les deux enbonne santé, car j’espère que Michel est avec toi. Je viens de vous envoyerun colis, écris-moi immédiatementquand tu l’auras reçu et si les chosesque je vous ai envoyées t’ont fait plaisir.J’ai régulièrement des nouvellesde Jean et Henry (sic), écrivez leur, voilàleur adresse : Mon St Vincent de Paulpour Muller 34, rue des TournellesL’Hay-les-Roses (Seine). Ils seronttrès content d’avoir de vos nouvelleset vous repondrons tout de suite.Ecrivez-moi depuis quand vous êtesà cette adresse. Vous faut-il un peu d’argent.             Votre père qui vous aime bien  et pense à vous, vous embrasse tendre-  ment - Manelle Muller","Postcard from November 6, 1942 (from Manek to Annette and Michel)",11.6-42,"
My dear little ones. I have just received your card my dear Annette and it made me very happy. I am glad to know that you are both in good health because I hope that Michel is with you. I have just sent you a package, write me immediately when you have received it and if the things I have sent you have made you happy. I have regular news from Jean and Henry (sic), write to them, here is their address: Home St Vincent de Paul for Muller 34, rue des Tournelles L'Hay-les-Roses (Seine). They will be very happy to hear from you and will answer you immediately. Write me since when you have been at this address. Do you need some money. Your father who loves you much and thinks of you, sends you a tender kiss.
 - Manelle Muller
","M. Muller
chez Mlynarczyk
Versailles
Par Agonac
(Dordogne)
","Anette (sic) Muller 
27, rue du chevalier de la Barre
                     Paris
"
/assets/images/muller/letters/carte_8.11.42.jpg,/assets/images/muller/letters/carte_8.11.42_back.jpg,yes,,Carte du 8 novembre 1942 (Manek à Henri et Jean),Le 8-11-42,"Avez-vous reçu le colis ?                         Le 8-11-42                    Mes chers petits               Je voeue vous announcer avanttout une très bonne nouvelle. Je viensde recevoir une carte d’Annette ; ellese trouve avec Michel à Paris. Je vousdemande de leur écrire immédiatementà l’adresse suivante : Annette Muller –27, rue du Chevalier de la BarreParis 18. Ils seront très contents d’avoirde vos nouvelles. Je suis très peinéde savoir que vous n’avez pas desouliers. J’essaie d’en trouver ici,mais c’est très difficile. S’il pleuttrop un jour il vaut mieux ne pasaller ce jour à l’école que de prendrefroid. Ecrivez à Soeur Clotildeune très polie carte en la priantde bien vouloir trouver des souliers.Avez-vous, mes petits de l’argent pouracheter des cartes et pour vos petitesdépenses ? Votre père qui pense à vous   Vous embrasse bien fort     Muller","Postcard from November 8, 1942 (from Manek to Henri and Jean)",11.8-42,"Have you received the package? 

My dear children 
I would like to announce to you first of all a very good news. I have just received a card from Annette; she is with Michel in Paris. I ask you to write to them immediately to the following address: Annette Muller - 27, rue du Chevalier de la Barre Paris 18. They will be very happy to have of your news. I am very sorry to know that you don't have any shoes. I try to find some here, but it is very difficult. If it rains too much one day it's better not to go to school that day than to catch cold. Write to Sister Clotilde a very polite card asking her to find some shoes. Do you have money, my little ones, to buy cards and for your little expenses? Your father who thinks of you sends you a big kiss 
Muller

","M. Marc Kleinman
      pour Muller
81 rue de Bordeaux
         Périgueux
           (Dgne)
","Mson St Vincent de Paul
pour H. et J. Muller
34, rue des Tournelles
L’Hay-les-Roses
(Seine)
"
/assets/images/muller/letters/carte_20.11.42.jpg,/assets/images/muller/letters/carte_20.11.42_back.jpg,yes,,Carte du 20 novembre 1942 (Manek à Henri et Jean),Le 20-11-42,"Mes chers petits.  Je viens de vous envoyer le troisième colis – j’espère que vous avez reçu les deux précédents – écrivez moi dès que vous l’aurez reçu. Avez-vous écrit à Annette et vous a-t-elle répondu ? Ecrivez lui souvent et envoyez-lui si vous pouvez un crayon et quelques cartes. Elle pourra ainsi écrire à qui elle voudra. J’ai expédié également aujourd’hui un colis à Annette et Michel, je pensais leur envoyer des cartes, mais je l’aioublié, Ecrivez je vous prie à Sr Clotilde pour la prier si elle veut faire quelque chose pour vous réunir ensemble tous les quatre. Quant à Maman, j’espere que nous la retrou-verons et serons encore un jour pro-chain réunis ensemble. Je vous em-brasse bien fort.     Muller ","Postcard from November 20, 1942 (from Manek to Henri and Jean)",11-20-42,"
My dear little ones.
I have just sent you the third package - I hope you have received the two previous ones - write to me as soon as you receive it. Have you written to Annette and has she answered you? Write to her often and send her a pencil and some cards. She thus will be able to write to who she wants. I also sent today a parcel to Annette and Michel, I was planning to send them cards, but I forgot. Please write to Sister Clotilde to ask her if she wants to do something to bring all four of you together. As for Mom, I hope that we will find her and will be together again one day. I send you kisses.
 Muller 
","Marc Kleinman
pour Muller
81 rue de Bordeaux
    Périgueux
   (Dordogne)
","Mson St Vincent de Paul
pour J. et H. Muller
34, rue des Tournelles
L’Hay-les-Roses
(Seine)
"
/assets/images/muller/letters/carte_25.11.42.jpg,/assets/images/muller/letters/carte_25.11.42_back.jpg,yes,,Carte du 25 novembre 1942 (Manek à Henri et Jean),Le 25-11-42,"Mes chers petits. Je viens de recevoir votre carte.Elle m’a fait Plaisir mais un peuétonné en même temps. Il me sem-blait lire dans votre carte que vous êtes tristes mais vous n’osez pas mel’avouer. Comme je vous comprends mes petits. Il faut avoir courage et patien-ter. Il faut que vous compreniez que si je pouvais je viendrais vous voir tous les jours. Je suis aussi très triste de ne pas pouvoir le faire. Autre chose m’inquiète aussi mes petits. J’ai laissé en partant 3000 frs. pour payer votre pensions. Je ne savais pas combien il fallait payer par mois. Je vous prie de demander pour combien de mois je dois et com-bien d’argent. Je vais l’envoyer dès que possible. Je vous ai égale-ment envoyé 100 frs à chacun pour acheter les petites choses, dont vous pouvez avoir besoin. Je vous embrasse bien fort tous deux.          Muller.","Postcard from November 25, 1942 (from Manek to Henri and Jean)",11-25-42,"My dear little ones. 
I have just received your card. It made me happy but a little surprised at the same time. I seemed to read in your card that you are sad but you don't dare to admit it to me. How I understand you my little ones. You have to be brave and have patience. You must understand that if I could, I would come to see you every day. I am also very sad that I am not able to do so. Something else worries me my little ones. When I left, I left 3000 frs. to pay your room and board. I didn't know how much it was necessary to pay per month. I ask you to ask for how many months I owe and how much money I owe. I will send it as soon as possible. I have also sent you each 100 frs to buy the little things, which you may need. I kiss you both. 
Muller
","Marc Kleinman
  pour Muller
81 rue de Bordeaux
Périgueux
(Dgne)
","Mson St Vincent de Paul
pour H. et J. Muller
34, rue des Tournelles
L’Hay-les-Roses
(Seine)
"
/assets/images/muller/letters/carte_26.11.1942.jpg,/assets/images/muller/letters/carte_26.11.1942_back.jpg,yes,,Carte du 26 novembre 1942 (Manek à Henri et Jean),"Agonac, le 26.11.1942","Cher Henri et cher Jean,                       Je viens de recevoir talettre qui m’a fait grand plaisir.Je voudrais bien savoir comment va l’oreille à  Jean ? Je vous avaisenvoyé 200 francs pour votre dépense. J’espère que vous seriez bientôt en-semble Michel et Annette, alors Henri fait bien attention à tes frères et àta soeur. Je vous avais envoyé un colis. Si tu verras Annette demande si maman à laissé pour elle des affaires, aussi cher Henri demande à la soeur Clotilde si Annette pour-ra être avec vous. et maintenantécrivez moi si vous avez eu des chaus-sures, si vous mangez bien et si vous partagez bien votre colis. De maman je suis sans nouvelles, mais éspèrons d’en avoir bientôt et moi je ferrai tout mon possible pour aller vous voir. Ecrivez moi un peu plus que d’habitude.        Je termine ma carte en éspèrant  qu’elle vous trouve en bonne santé.       Je vous embrasse bien fort            votre père qui pense à vous.","Postcard from November 26, 1942 (from Manek to Henri and Jean)","Agonac, 11.26.1942","Dear Henri and dear Jean, 
I have just received your letter which gave me great pleasure. I would like to know how Jean's ear is doing? I had sent you 200 francs for your expenses. I hope that you will soon be together with Michel and Annette, so Henri take good care of your brothers and your sister. I had sent you a package. If you see Annette ask if mom has left for her some things , also dear Henri asks sister Clotilde if Annette will be with you. And now write to me if you have had shoes, if you are eating well and if you are sharing your parcel well. From Mom I have no news, but let's hope to hear from her soon and I will do my best to go and see you. Write me a little more than usual. I am finishing my card hoping that it finds you in good health. I give you a big kiss your father who thinks of you.
","Kleinman
81 rue de Bordeaux
Périgueux
Dordogne.
","Maison St Vincent de Paul
34 rue des Tournelles
L’Hay-les-Roses
Seine
pour Henri et Jean Muller
"
/assets/images/muller/letters/carte_30.11.42.jpg,/assets/images/muller/letters/carte_30.11.42_back.jpg,yes,,Carte du 30 novembre 1942 (Manek à Henri et Jean),"Agonac, le 30 Novembre","Chers enfants,J’ai bien reçu votre carte qui m’a fait naturellement grand plaisir, parce que vous êtes maintenant réunis tous les quatre. Cher Henri, je voudrais bien savoir ce qu’Annette t’a raconté de votre chere maman, et si elle lui a confié des affaires et ce qu’elle a raconté, si Michel et Annette ont bonne mine et ne sont pas trop fatigués. Est-ce que vous avez reçu le troisièmecolis que je vous ai envoyé ? et est-ce qu’Annette a reçu les deux colis et les 50 Fr ? Je voudrais savoir aussi si vous avez des habits chauds et des chaussures – Etes-vous tous en bonne santé ? et partagez-vous bien les colis entre vous ? Je suis toujours sans nouvelles de maman, mais esperons que cela viendra. Je vous embrasse bien fort tous les quatre - Votre père qui pense à vous.","Postcard from November 30, 1942 (from Manek to Henri and Jean)","Agonac, November 30th","Dear children,
 I have received your card, which naturally gave me great pleasure, because you are now together all four of you. Dear Henri, I would like to know what Annette has told you about your dear mother, and whether she entrusted her with any things and what she said, if Michel and Annette look well and are not too tired. Did you receive the third package I sent you? and did Annette receive the two packages and the 50 Fr? I would also like to know if you have warm clothes and shoes - Are you all in good health? and do you share the parcels among yourselves? I am still without news from mom, but hopefully it will come. I kiss you very much all four - Your father who thinks of you.
","Muller chez
 Mlynarczyk
  Versailles
  par Agonac
  (Dordogne)
Pour Henri et Jean
Muller
","Maison St Vincent 
    de Paul 
34 rue des tournelles
Le-Hay-les-Roses
         Seine
"
/assets/images/muller/letters/carte_17.12.42.jpg,/assets/images/muller/letters/carte_17.12.42_back.jpg,yes,,Carte du 17 décembre 1942 (Manek à Henri et Jean),Le 17-12-42,Mes chers petits    J’ai reçu votre dernière carte et l’ai lue avec le même plaisir que les précédentes. Je suis très heureux que vous puissiez vous voir assez régulièrement avec Annette et Michelen attendant que nous nous voyions tous avec votre maman. Annette a-t-ellereçu le dernier colis dans lequelje lui avais envoyé quelques vêtements ? Je vous ferai très prochainement un colis pour vous envoyer et que vous m’avez demandé ainsi que des vête-ments. Il est extrêmement difficile de trouver quelque chose mais je faismon possible et espère réussir. Mespetits il faut avoir bien soin de vos affairescar vous le savez probablement il trèsdifficile de les remplacer. Demandez à Mr Schindler s’il lui est possible de vous faire à chacun une culotte ? Je travaille toujours au même endroit. Je vous embrasse bien fort tous    Muller,"Postcard from December 17, 1942 (Manek to Henri and Jean)",12-17-42,"My dear little ones 
I received your last card and read it with the same pleasure as the previous ones. I am very happy that you can see each other quite regularly with Annette and Michel while waiting for us to see each other with your mother. Did Annette receive the last package in which I had sent her some clothes? I will make very soon a package to send to you and that you asked me for, as well as some clothes. It is extremely difficult to find something but I am doing my best and hope to succeed. My little ones you must take good care of your things as you probably know it is very difficult to replace them. Ask Mr. Schindler if it is possible for him to make you each a pair of pants. I always work in the same place. I give you a big kiss all 
Muller

","Marc Kleinman
  pour Muller
81 rue de Bordeaux
Périgueux
(Dordogne)
","Mson St Vincent de Paul
pour J. et H. Muller
34, rue des Tournelles
L’Hay-les-Roses
(Seine)
"
/assets/images/muller/letters/carte_27.12.1942.jpg,/assets/images/muller/letters/carte_27.12.1942_back.jpg,yes,,Carte du 27 décembre 1942 (Manek à Henri et Jean),Le 27-12-42,"Mes chers petits.  Je vous ai laissé trop longtemps sans vous écrire et je me le reproche                                                                                                                                                       assez. Croyez-moi que je ne puis pas vousécrire très souvent, mais cela ne doit pas vous empecher de m’écrire régu-lièrement. Je vous l’ai déjà écrit vos cartes sont mon seul plaisir. J’ai reçu une carte d’Annette et Michel                                                                                                                                                          qui m’a beaucoup réjouit. Les voyez-vous souvent ? Avez-vous reçu le colis de vêtements et vous vont-ils bien ? Mon petit Jean ton oreille est-elle déjà complètement guérie ? Tu ne m’en parles plus depuis quelque temps.  J’espère que nous aurons bientôt des nouvelles de Maman et que nous nous retrou-verons tous sous peu. Avez-vous passez unjoyeux Noël. Je vous souhaite une bonne année et vous embrasse bien fort.             Muller.",12-27-42,"Postcard from December 27, 1942 (from Manek to Henri and Jean)","My dear little ones. 
I have left you for too long without writing to you and I blame myself enough. Believe me, I cannot write to you very often, but that should not prevent you from writing to me regularly. I have already written to you that your cards are my only pleasure. I received a card from Annette and Michel which made me very happy. Do you see them often? Did you receive the package of clothes and do they fit you well? My little Jean, is your ear completely healed? You have not talked to me about it for some time. I hope that we will soon have news from Mom and that we will all meet again soon. Did you have a Merry Christmas. I wish you a happy year and give you a big kiss. 
Muller.
","Marc Kleinman
pour Muller
81, rue de Bordeaux
Périgueux
(Dordogne)
","Mson St Vincent de Paul
pour J. et H. Muller
34, rue des Tournelles
L’Hay-les-Roses
(Seine)
"
/assets/images/muller/letters/carte_3.1.1943.jpg,/assets/images/muller/letters/carte_3.1.1943_back.jpg,yes,,Carte du 3 janvier 1943 (Manek à Henri et Jean),Agonac- le 3 janvier,"Mon cher Henri-                         Mon cher Jean,     Avez vous pu passer Noël avec Michel et Annette ? J’espère que vous avez reçu mon colis de Noël - dites moi bien ceque vous recevez et s’il ne manque rien.J’ai envoyé des chaussures mais elles sont unpeu grandes : je pense qu’elles irons quandmême. Est-ce que Jean a toujoursmal à ses oreilles ? je voudrais bien quecela se passe.        Je vais bien et travaille toujours ici.surtout écrivez-moi si vous avez reçu le colisde vêtements. Je vous embrasse bien fort.                  Votre père qui pense à vous et quivous aime.                              Muller","Postcard from January 3, 1943 (from Manek to Henri and Jean)",Agonac- January 3rd ,"
My dear Henri- 
My dear Jean, 
Were you able to spend Christmas with Michel and Annette? I hope you received my Christmas parcel - please tell me what you receive and if there is nothing missing. I sent some shoes but they are a bit big: I think they will fit anyway. Does Jean still have an earache? I wish it would go away. I am well and still working here. Please write to me if you have received the package of clothes. I send you a big kiss. Your father who thinks of you and who loves you. 
Muller
","Muller chez
Mlynarczyk
Versailles
par Agonac
            Dordogne
","Mson St Vincent de Paul
34 rue des Tournelles
L’Hay-les-Roses
(Seine)
pour Henri et Jean
"
/assets/images/muller/letters/carte_17.1.1943.jpg,/assets/images/muller/letters/carte_17.1.1943_back.jpg,yes,,Carte du 17 janvier 1943 (Manek à Henri et Jean),Le 17-1-43,"Mes chers petits. Je viens de recevoir votre et j’en suis très content. J’ai grand plai-sir à savoir que les vêtements vous vont bien, je pensais que les souliers seraient trop grands pour toi Henri tant mieux s’ils te vont bien. Dès que j’arriverai à trouver une autre paire je l’enverrai pour toi Jean. Mes chers petits ne vous tourmentez pas pour moi, ne pensez pas à mes privations, je suis très heureux quandje puis vous faire Plaisir. Vous êtes ma seule joie. Tant mieux si vous ne manquez de rien, vivez heureux et pensez avec reconnaissance à vos bienfaiteurs qui sont si gentils pour vous. Patientez, le jour où nous nous retrouverons tous avec joie n’est peut être pas très lointain. Je vous embrasse bien fort     Muller.","Postcard from January 17, 1943 (from Manek to Henri and Jean)",1-17-43,"My dear little ones. 
I have just received your letter and I am very happy. I am very pleased to know that the clothes fit you well, I thought the shoes would be too big for you Henri so much the better if they fit you well. As soon as I can find another pair I will send it to you Jean. My dear little ones, don't worry about me, don't think about my hardships, I'm very happy when I can make you happy. You are my only joy. So much the better if you lack nothing, live happily and think with gratitude of your benefactors who are so kind to you.Be patient, the day when we will all meet again with joy may not be far off. I send you a big kiss 
Muller.
","Marc Kleinman
pour Muller
81 rue de Bordeaux
Périgueux
(Dordogne)
","Mson St Vincent de Paul
pour J. et H. Muller
34, rue des Tournelles
L’Hay-les-Roses
(Seine)
"
/assets/images/muller/letters/carte_21.2.1943.jpg,/assets/images/muller/letters/carte_21.2.1943_back.jpg,yes,,Carte du 21 février 1943 (Manek à Henri et Jean),Le 21-2-43,"Mes chers petits.J’ai vu votre photo qui m’a procuré une très grande joie. Jevois que vous avez bonne mine et quevous avez grandis. Je suis heureux de savoir que vous pensez toujours à moi, mais je vous prie et vous conjure par la tendresse et l’amour que je vous porte de ne pas vous faire de mauvais sang et de nepas vous desesperer. Ayez con-fiance., la Providence ne nous abandon-nera pas. Ne vous attristez pas, si pendant quelque tempsvous deviez ne pas recevoir ré-gulièrement de mes Nouvelles. Je suis toujours en bonne santé et pense à vous. Je vous embrasse tendre-ment.    Muller.","Postcard from February 21, 1943 (from Manek to Henri and Jean)",2-21-43,"My dear little ones. 
I saw your photo which gave me great joy. I see that you look good and that you have grown. I am happy to know that you are still thinking of me, but I beg and beseech you with the tenderness and love that I bear you not to worry and not to despair. Have trust, Providence will not abandon us. Do not be saddened if for some time you should not receive my news from me regularly. I am still in good health and thinking of you. I kiss you tenderly. 
Muller.
","M. Kleinman
 pour Muller
81, rue de Bordeaux
 Périgueux
(Dordogne)
","Mson St Vincent de Paul
pour H. et J. Muller
34, rue des Tournelles
L’Hay-les-Roses
(Seine)
"
/assets/images/muller/letters/carte_12.3.1943.jpg,/assets/images/muller/letters/carte_12.3.1943_back.jpg,yes,,Carte du 12 mars 1943 (Manek à Henri et Jean),Le 12-3-43,"Mes chers petits.   Depuis bien longtemps déjàje n’ai pas eu de vos nouvelleset suis un peu inquiet. J’espèreque vous continuez à bien vous porterJean ne souffre-t-il plus de sonoreille ? Repondez-moi je vous priele plus tôt possible et à toutes mesquestions. Encore une fois je vousprie ne vous ennuyez pas et ayezcourage et patience. Chez moirien de très particulier, je travailleet suis en bonne santé. Faites-moisavoir si vous avez besoin de quelquechose je vais essayer de vous leprocurer dans toute la mesure dupossible. Votre papa qui pense tou-jours à vous vous embrasse trèstendrement     Muller","Postcard from March 12, 1943 (from Manek to Henri and Jean)",3-12-43,"My dear little ones. 
For a long time now I haven't heard from you and I am a bit worried. I hope that you continue to be well Is Jean no longer suffering from his ear anymore? Please answer me as soon as possible and to all my questions. Once again I ask you please not be bored and have courage and patience. Concerning me nothing very particular, I work and I am in good health. Let me know if you need anything, I will try to get it for you as much as possible. Your daddy who thinks of you all the time kisses you very tenderly. 
Muller


","Muller
81, rue de Bordeaux
Périgueux
(Dordogne)
","Mson St Vincent de Paul
pour H. et J. Muller
34, rue des Tournelles
L’Hay-les-Roses
(Seine)
"
/assets/images/muller/letters/carte_10.5.1943.jpg,/assets/images/muller/letters/carte_10.5.1943_back.jpg,yes,,Carte du 10 mai 1943 (Manek à Henri et Jean),Le 10-5-43,"Mes chers enfants.  Je viens de recevoir vos cartesqui m’ont fait grand plaisir. Jesuis heureux d’apprendre que vousavez été de nouveau réunis et avezpu de nouveau passer quelques momentsensemble. Je suis également contentque le baptême et toute la cérémonievous aient fait tant plaisir. J’apprendavec fierté que vous travaillez bienet espère que vous continuerez. Conti-nuez à prier pour une paix prochainenous en avons tous besoins.   Avez-vous reçu le dernier colis ?Je vous prie de me faire connaîtreimmédiatement la reception, car s’ilsdevaient s’égarer il serait dommageque je continue à en envoyer.   Votre papa qui vous aime bien vousembrasse bien fort tousMon petit Jean – ne souffres tu plus de tesoreilles ?   Muller","Postcard from May 10, 1943 (from Manek to Henri and Jean)",5-10-43,"My dear children.
 I have just received your cards which gave me great pleasure. I am happy to hear that you have been reunited again and have been able to spend some time together again. I am also glad that the christening and the whole ceremony made you so happy. I hear with pride that you are working well and hope that you will continue. Continue to pray for peace in the near future we all need it. Did you receive the last package? I beg you to let me know immediately at reception, because if they should be lost it would be a pity that I continue to send them. Your father who loves you well kisses you all My little Jean - are you no longer suffering from your ears? 
Muller


","M. Muller
81, rue de Bordeaux
Périgueux
Dordogne
","Mson St Vincent de Paul
34, rue des Tournelles
L’Hay-les-Roses
(Seine)
pour H. et J. Muller
"
/assets/images/muller/letters/lettre_20.6.43.jpg,/assets/images/muller/letters/lettre_20.6.43_back.jpg,yes,,Lettre du 20 juin 1943 (Manek à Henri et Jean),Le 20-6-43,"Mes chers petits.   J’ai bien reçu votre lettre ainsi que l’image qui m’ont fait grand plaisir. J’apprends avec joie que je recevrai bientôt vos photos je les attends avec impatience. Je suis heureux de vous savoir en bonne santé et contents d’avoir fait votre communion.   J’espère que vous avez bien terminé votre année scolaire ; mainte-nant vous disposerez de plus de loisirs et vous pourrez m’écrire plus souvent. Faites moi savoir si vous mangez bien et si vous recevez tous les colis, dites moi également si vous avez besoin de quelque chose de particulier et j’essaierai de vous l’envoyer.   Comment avez-vous trouvé Annette et Michel pendant votre dernière entre-vue ? Dites-moi ce que le medecin a ditau sujet des oreilles de Jean ? Je vous l’ai demandé plusieurs fois et vous ne m’avez jamais repondu aux questions que je vous pose.    Comment passez vous votre temps libre ; ecrivez souvent à Annette et MichelMon petit Jean as-tu assez de coton pour tes soins ?   Remerciez bien les soeurs pour toutes bontés qu’elles ont pour vous et soyez recon-naissants pour le foyer qu’elles vous ont recrée.  Continuez à prier pour le pro-chain retour de maman. Esperons que cela ne tardera pas et que nous nous reverrons tous bientôt.  Votre père qui pense toujours à vous vous embrasse tendrement –                          M. Muller","Letter from June 20, 1943 (from Manek to Henri and Jean)",6-20-43,"My dear children. 
I have received your letter as well as the picture which gave me great pleasure. I learn with joy that I will soon receive your photos I am looking forward to them. I am happy to know that you are in good health and happy to have taken your communion. I hope that you finished your school year well; now you will have more leisure time and you will be able to write to me more often. Let me know if you are eating well and if you are receiving all the packages, let me know also if you need something special and I will try to send it to you. How did you find Annette and Michel during your last meeting? Tell me what the doctor said about Jean's ears? I asked you several times and you never answered the questions I ask you. How do you spend your free time; write often to Annette and Michel My little Jean, do you have enough cotton for your care? Thank the sisters for all the kindness they have for you and be grateful for the home they have recreated for you. Continue to pray for soon Mom's safe return.Let's hope that it will not be long before we all see each other again soon. Your father who is always thinking of you kisses you tenderly – 
Mr. Muller

",,
/assets/images/muller/letters/lettre_12.7.1943.jpg,/assets/images/muller/letters/lettre_12.7.1943_back.jpg,yes,,Lettre du 12 juillet 1943 (Manek à Henri et Jean),Périgueux le 12 juillet 1943.,"Mes très chers enfants,  J’ai bien reçu votre dernière lettre, et je suis bien content de vous savoir en bonne santé, je suis heureux aussi de votre bonne conduite de l’année scolaire, mon cher petit Jean, tu m’as écris que tes oreilles vont mieux, je voudrais aussi bien savoir, ce que le spécialise t’a dit, et si tes oreilles coules encore beaucoup, fais bien attention car tu sais bien que chère maman avait toujours peur pour tes oreilles, écris moi moi aussi [?] le goûter au secours national, n’avez-vous pas assez à orphilinat ? chez mous aussi la nourriture est très difficile, n’ête vous pas fatiguez ? Cher Henri je ne comprends pas pourquoi tu m’a pas écrit quelques mots la dernière fois, je suis bien content que vous avez écrit une lettre à Anette (sic) et Michel, eux aussi sont très content, avez vous déjà reçu mon dernier colis où il y avait un pantalon pour Jean biscottes du chocolat etc. cette semaine je vous enverez un autre colis, chez moi tout va bien j’attends toujours des nouvelles de vôtre chère maman, éspérant que bientôt je pourrai vous en donner, mes chèrsenfant repondez moi a toutes mes demandesje vous embrasse bien fort votre père quipense à vous                      signature","Letter from July 12, 1943 (from Manek to Henri and Jean)","Périgueux July 12th, 1943","My dearest children, 
I have received your last letter and I am happy to know that you are in good health, I am also happy about your good behavior during the school year. my dear little Jean, you wrote me that your ears are better, I would also like to know what the specialist told you, and if your ears are still running a lot, please be careful because you know that dear mom was always afraid for your ears, write me too [?] the snack at the national relief, don't you have enough at the orphanage? for me too food is very difficult, aren't you tired? Dear Henri I don't understand why you didn't write me a few words last time, I am very happy that you wrote a letter to Anette (sic) and Michel, they too are very happy, did you already receive my last parcel where there were pants for Jean, bread toasts chocolate etc. This week I will send you another parcel , here everything is fine I am still waiting for news from your dear mom, hoping that soon I will be able to give you some, my dear children, please answer all my questions I send you a big kiss your father who is is thinking of you 
signature
",,
/assets/images/muller/letters/lettre_27.7.1943.jpg,/assets/images/muller/letters/lettre_27.7.1943_back.jpg,yes,,Lettre du 27 juillet 1943 (Manek à Henri et Jean),Le 27-7-43,"Mes chers petits   J’ai bien reçu votre lettre et suis heureux de vous savoir en bonne santé. Je suis parti-culièrement content que tu ne souffre plus de l’oreille et que ton bobo sera bientôt complètement gueri.   Il m’est très agréable de lire vos lettres et de constater com-bien vous êtes raisonnables. Je suis particulièrement touché de constater que vous n’oubliez pas de demander dans chaque lettre de renseignements au sujet de mon travail et de ma vie loin de vous. Il m’est d’autre parttrès pénible de pas pouvoirvous rendre visite pour le moment.Il faut prendre patience, mes cherspetits, ne pas desesperer – quoiquevotre malheur et nos peines soienttrès grands – il faut songer qu’il ya des gens encore plus malheu-reux que nous. Courage bientôtnous nous reunirons tous ensembleavec Maman  Je travaille toujours au mêmeendroit et arrive à me ravitailler.ne vous tracassez pas pour moi,vous voyez que je reussis toujoursà vous envoyer un colos de temps à autre.   J’ai bien reçu la photo de votrecommunion – vous voilà main-tenant des grands garçons.   Annette m’écrit régulièrementde belles lettres, elle est contenteet travaille bien. Michel est [?]ecrivez donc souvent à Annettepour qu’elle ne s’ennuie pas.  Je vous prie de remercier les chères Soeurs de leur devoue-ment pour vous et en particulierla Soeur qui a bien voulu m’ecrirequelques mots.  Avez-vous reçu le derniercolis avec les pommes.  Je termine ma lettre envous embrassant bien tendrement.  Votre père qui pense toujours à vous                    M. Muller","Letter from July 27, 1943 (from Manek to Henri and Jean)",7-27-43,"My dear children I have received your letter and I am happy to know that you are in good health. I am parti- cularly happy that you no longer suffer from you ear and that your boo-boo will soon be completely healed. It is very pleasant for me to read your letters and to see how reasonable you are. I am particularly touched to see that you do not forget to ask in every letter information about my work and my life away from you. On the other hand, it is very painful for me not to be able to visit you for the moment. You must be patient, my dear children, do not despair - even though your misfortune and our sorrows are very great - we must remember that there are people even more unfortunate than us. Courage soon we will all get together with Mom I am still working at the same place and manage to get by. don't worry about me, you see that I always manage to send you a package from time to time.I have received the photo of your communion - here you are now big boys. Annette regularly writes me beautiful letters, she is happy and works well. Michel is [?] so write often to Annette so that she doesn't get bored. I beg you to thank the dear Sisters for their devotion to you and in particular the Sister who kindly wrote me a few words. Did you receive the last package with the apples. I end my letter kissing you very tenderly. Your father who always thinks of you 
Mr. Muller

",,
/assets/images/muller/letters/lettre_manek_14.10.43.jpg,/assets/images/muller/letters/lettre_manek_14.10.43_back.jpg,yes,,Lettre du 14 octobre 1943 (Manek à Henri et Jean),le 14-10-43,"Mes chers petits J’ai bien reçu votre carte et j’enétais bien content. Je suis particulière-ment heureux de vous savoir en bonnesanté et exempts de tuberculose.J’ai reçu des nouvelles d’Annette et de Mi-chel, j’espère qu’ils vous écrivent égale-ment. Ils sont tous les deux bien contentsSoeur Clotilde m’a envoyé une longuelettre et je lui ai repondu dernièrement.Je l’ai prié de te placer Henri aucollège dans l’espoir que tu y travaillerasbien et lui ai demandé également dene pas vous séparer si cela étais possible.Elle a certainement dû vous mettre au courantde ses intentions et vous fera connaîtreen temps utile ses décisions. Je vouspris de lui faire entière confiance, carelle agit toujours au mieux de vos intérêts.   Dans votre reponse prochaine écrivez-moicomment vous passez votre temps et si vousmangez bien. Je sais que les difficultés deravitaillement sont assez grands, aussi vais-je m’efforcer dans toute la mesure demes possibilités de vous envoyer, de tempsà autres, des colis. Soyez persuadés quemalgré les difficultés dans lesquelles jeme trouve, je pense avant tout à vous. Mon petit Jean continues-tu toujours testraitements pour l’oreille ?   Je crois toujours fermement que nous nous reunirons bientôt et quoiquenotre séparation se prolonge toujours je neperds pas espoir.           Votre père qui pense toujoursà vous vous embrasse tendrement                    Muller","Letter from October 14, 1943 (from Manek to Henri and Jean)",10-14-43,"My dear children
I received your card and I was very happy. I am particularly happy to know that you are in good health and free of tuberculosis. I have heard from Annette and Michel, I hope they write to you as well. They are both very happy. Sister Clotilde sent me a long letter to me and I answered her recently. I asked her to place you Henri in middle school in the hope that you will do well there and also asked her not to separate you if it is possible. She must certainly have informed you of her intentions and will let you know in due course her decisions. I ask you to trust her completely, as she always acts in your best interest. In your next reply, please write me how you spend your time and whether you eat well. I know that the difficulties of supply are quite great, so I will do my best to send you, from time to time parcels. Be sure that despite the difficulties in which I find myself, I am thinking of you above all. My little Jean, are you still continuing your ear treatments? I still firmly believe that we will soon be reunited and even though our separation is still prolonged I do not lose hope. Your father who always thinks of you kisses you tenderly. 
Muller
",,
/assets/images/muller/letters/lettre_annette_11.11.43.jpg,/assets/images/muller/letters/lettre_annette_11.11.43_back.jpg,yes,,Lettre du 11 novembre 1943 (Annette à Henri et Jean),St Rémy ce 11 Novembre 1943,"Mes chers frères                           Je suis con-tente de vous écrire ces quelqueslignes qui je pense vous fera plaisir. Voilà dix jours que papaest parti, avez-vous reçu ma lettre, dites-moi le car jevoudrais bien avoir de vosnouvelles, qui me fera bienplaisir, j’ai écrit à papaavant hier car il m’a envoy.envoyer une belle carte dePérigueux.Moi je suis en bonnes santecomme vous. En ce momentil fait pas si chaud qu’avantj’ai écrit à Rachel quiest chez des soeurs en zonelibre car elle demandaitde mes nouvelles elleest en trés bonne santé, c’estPapa qui me l’a dit.Dites bien bonjour de ma part à Ma Mere et auxaux autres personnes quisont restez à Neully.J’envoi une carte à Jean de bonne annversaire.Je finis ma lettre en vous embrassant de toutcoeur      Votre soeur qui pense à vous                   Annette","Letter from November 11, 1943 (from Annette to Henri and Jean)",St Rémy this 11th of November 1943,"My dear brothers 
I am happy to write you these few lines which I think will please you. It's been ten days since dad left, did you receive my letter, tell me because I like to hear news from you, which will give me great pleasure, I wrote to dad the day before yesterday because he sent me a beautiful card from Périgueux. I am in good health like you. At the moment it is not as hot as before I wrote to Rachel who is with some sisters in the free zone because she was asking for news of me she is in very good health, Daddy told me. Say hello from me to My Mother and the other people who are staying in Neuilly. I am sending a card to Jean for his birthday. I finish my letter by kissing you with all my heart Your sister who thinks of you 
Annette

",,
/assets/images/muller/letters/carte_voeux_manek_1944.jpg,/assets/images/muller/letters/carte_voeux_manek_1944_back.jpg,yes,,Carte du mois de janvier 1944 (Manek à Henri et Jean),,"Cher Henri et Jean !Je vuus remerci boucaup pour les veux que vous m’avez envoye, et je suhaite de tout mon coeur que l’anné 1944 noús reunise de noúve. Vot pere que pense a vous                                 Muller",Postcard from January 1944 (from Manek to Henri and Jean),,"Dear Henri and Jean ! 
I thank you very much for the wishes you have sent me, and I wish with all my heart that the year 1944 will reunite us again. Your father that thinks of you 
Muller

",,
/assets/images/muller/letters/lettre_annette_26.3.44.jpg,/assets/images/muller/letters/lettre_annette_26.3.44_back.jpg,yes,,Lettre du 26 mars 1944  (Annette à Henri et Jean),St Remy ce 26 Mars 1944 ,"Mes chers frères – Je pense que vous allez bien tous les deux et que Jean est contentd’être avec Michel, vous faites bon ménage. Je viens vous annoncerque le Jeudi Saint, je vais avoir le bonheur de faire Ma Commu-nion Privée. Je pense de vous prierez bien pour moi afin que jesois bien prête à accomplir ce grand acte ; moi, je ne vous oublirezpas, non papa, ni maman. Peut-être que papa assistera à maCommunion ; jugez si je serai contente. Mon oncle Pierre m’à écrit, ilme demande votre adresse, je vais la lui donner. Moi je vais trésbien car nous sommes trés bien nourries et nous avons de grossesportions. Maintenant que la neige a disparu, nous irons fairedes grandes promenades dans les montagnes. Déjà Dimanchenous avons pu sortir. Le père de Geneviève va venir, on est contentesparce qu’il va nous apporté des nouvelles de Ma Mère et bien deschoses que Ma Soeur Marie à demandées. Ma Mère nous à écrit à Marguerite Vachon et à moi une belle petite lettre qu’on à bien serréepour la relire de temps en temps.     Je dis bien bonjour à Ma Soeur Thérèse, à Ma Soeur Anne-Marieet à Mademoiselle Olympe, et vous deux je vous embrassebien fort.              Votre petite soeur qui pense toujours à vous.                                                                Annette MullerAu moment que ma lettre allait je reçois la votre, je vous remercie bien d’avoir pensé à mon anniversaire                                     je vous embrasse emncore.","Letter from March 26, 1944 (from Annette to Henri and Jean)",St Remy this 26th of March 1944,"My dear brothers –
 I think that both of you are well and that Jean is happy to be with Michel, you make a good couple. I come to announce to you that on Holy Thursday, I will have the happiness to take My Private Communion. I think that you will pray well for me so that I will be ready to accomplish this great act; I will not forget you, neither dad, nor mom. Maybe dad will be present at my Communion; judge if I would be happy. My uncle Pierre wrote to me, he asks me for your address, I will give it to him. I am doing very well because we are very well fed and we have large portions. Now that the snow is gone, we will go for long walks in the mountains. Already on Sunday we were able to go out. Genevieve's father is going to come, we are happy because he is going to bring us news about My Mother and many things that My Sister Marie has asked for. My Mother wrote to us Marguerite Vachon and me a beautiful short letter that we have kept preciously so we can read it again from time to time. I say hello to My Sister Thérèse, to My Sister Anne-Marie and to Mademoiselle Olympe, and to both of you I give you a big kiss. Your little sister who always thinks of you. Annette Muller 
 
As my letter was leaving I receive yours, I thank you for having thought of my birthday and to Mademoiselle Olympe, and I kiss both of you very much. Your little sister who always thinks of you. 
Annette Muller 
",,
/assets/images/muller/letters/carte_4.1944.jpg,/assets/images/muller/letters/carte_4.1944_back.jpg,yes,,Carte du mois d'avril 1944 (Manek à Henri),,"bien des choses pour          la Soeur superier     Cher Henri !   Aprés plusiers joursDes voyages, je suis aUzerches, je ete voirAnnette, elle et biencontente avec le cadeux de toi, elleTres bien a St Remyet ma Soeur Mari et Mlle Armondin [?] sont tres bonepour elle. Voici monnouvelles adres :G.T.E. 528. pour Mullera Uzerche (Corréze)je t’embrasse bien fortton papa que pense a toi",Postcard from April 1944 (from Manek to Henri),,"many things for Sister Superior 

Dear Henri! 
After several days of traveling, I am in Uzerches, I went to see Annette, she is very happy with the gift from you, she is very well in St Remy and my Sister Mari and Miss Armonodin [?] are very good for her. Here is my new address : G.T.E. 528. for Muller in Uzerche (Corréze) I give you a big kiss 
your dad who thinks of you

",,"Mson St Vincent
  de Paul 
        pour
Henri Muller
88 Bd Victor Hugo
Neuilly sur Seine
 (Seine)
"
/assets/images/muller/letters/lettre_manek_annette_27.4.44.jpg,/assets/images/muller/letters/lettre_manek_annette_27.4.44_back.jpg,yes,,Lettre du 27 avril 1944 (Manek à Annette),"Uzerche, le 27 avril 1944.","Ma chère petite Annette,           J’ai bien reçu talettre qui m’a fait grand plaisir. Comme je t’ai promisje t’envoie une paire de souliersen cas où les souliers seraienttrop grands il faut que tupries la Soeur Marie de tâcherde les échanger contre une poin-ture plus petite. Il y quelquesjours je t’ai envoyé un colistu vas recevoir en même tempsun colis d’une dame ; pourtout cela il ne faut pas quetu m’écrives jusqu’a je t’écriraiune nouvelle adresse.     J’espère que tu asecrit une lettres à tes frèrescar moi je n’ai rien reçuet maintenant avec le changementde ma résidence je resterai sansnouvelles, c’est pour cela qu’ilfaut que tu écrives souvent à tes frèresAlors ma chère Annette, commetoujous tu tâcheras d’être biengentille et contenter toutes cellesqui s’occupent de toi.      Je tâcherai d’envoyerencore un colis à Henri avantmon départ, tu lui demanderasalors s’il l’a reçu.          Je termine ma lettreen t’embrassant bien fort    ton papa qui pense    toujours à toi               Miller [sic]Tu me renverra cette lettre parce que je vais la mettre de coté","Letter from April 27, 1944 (from Manek to Annette)","Uzerche, April 27th, 1944","My dear little Annette, 
I have received your letter which gave me great pleasure. As I promised you I am sending you a pair of shoes in case the shoes would be too big, you must ask Sister Marie to try to exchange them for a smaller size. A few days ago I sent you a package you will receive at the same time a package from a lady; for all this you must not write to me until I write you a new address. I hope that you have written a letter to your brothers because I have not received anything and now with the change of my residence I will remain without news, that's why you must write often to your brothers So my dear Annette, as always try to be nice and please all the women who take care of you. I will try to send a package to Henri again before I leave, then you can ask him if he has received it. I'm ending my letter with a big kiss for you your dad who is always thinking of you 
Miller [sic] 
You will send me back this letter because I will put it aside

",,
/assets/images/muller/letters/lettre_manek_soeur_27.4.44.jpg,,no,,Lettre du 27 avril 1944 (Manek à Soeur Clotilde),"Uzerche, le 27/4/44","Ma chère Soeur,    Comme je vous l’ai promisde vous écrire aù cas d’unchangement je vous informeque je pense partir et dès queje pourrai je vous ecrirai manouvelle adresse afin que jepuisse rester toujours en contactavec mes chers enfantsComme toujours je ne perdspas le courage esperant queles souffrances terminerontbientôt ; surtout que j’ai lacertitude que mes chers enfantssont confiés entre des mains sûres   Je vous remercie de votre devouement envers mes cheriset veuillez croire à mon amitiela plus sincereUn bonjour amical à Melle Armandin [?]","Letter from April 27, 1944 (from Manek to Sister Clotilde)","Uzerche, 4/27/44","My dear Sister, 
As I promised you to write to you in case of a change I inform you that I am thinking of leaving and as soon as I can I will write you my new address so that I can always stay in touch with my dear children As always I do not lose courage hoping that the sufferings will end soon; especially since I have the certainty that my dear children are in safe hands. I thank you for your devotion to my dear ones and please accept my most sincere friendship. A friendly hello to Miss Armantin [?]

Signature",,
/assets/images/muller/letters/carte_henri_30.5.44.jpg,/assets/images/muller/letters/carte_henri_30.5.44_back.jpg,yes,,"Carte du 30 mai 1944 (Henri, Jean et Michel à Manek)",le 30 mai 1944,"Mon cher petit papa                     le 30 mai 1944 J’ai changé d’adresse moi aussi et je suis à Drouilly avec Jean et Michel. Je suis très bien. J’ai appris avec beaucoup de peine tout ce qui s’est passé à Périgueux. Je prie ainsi que Michel et Jena pour toi pour qu’il ne t’arrive rien de mal. Tu es si bon pour nous. J’ai écris à Annette. Papa je suis reçu à mon certificat d’études je l’ai passé à Neuilly, Tu dois être bien content je l’ai fait pour te faire plaisir. J’espère que ta santé est bonne. Nous trois ça va très bien. Nous pensons toujours à notre chère maman. Papa hier nous avons fait une belle promenade en auto au bord d’un ruisseau. On s’est bien amusé. Je fais lire les petits, j’ai à la cuisine et c’est bien du travail. Mon papa je crois que je n’ai plus rien à te dire.               Je t’embrasse bien fortJean Muller  Michel Muller                           Ton grand garçon Henri","Postcard from May 30, 1944 (from Henri, Jean and Michel to Manek)",May 30th 1944,"My dear little daddy
I have changed my address too and I am in Drouilly with Jean and Michel. I am very well. I have learned with great sorrow all that happened in Perigueux. I pray as well as Michel and Jean for you so that nothing bad happens to you. You are so good to us. I have written to Annette. Dad, I passed my school certificate I took it in Neuilly, You must be very happy I did it to please you. I hope that your health is good. The three of us are doing very well. We are always thinking of our dear mom. Daddy yesterday we had a nice ride to a brook. We had a lot of fun. I help the little ones to read, I have to cook and it's a lot of work. My daddy I don't think I have more to say . I send you a big kiss 
Jean Muller      Michel Muller     Your big boy Henri
",,
/assets/images/muller/letters/lettre_henri_11.1.1945.jpg,/assets/images/muller/letters/lettre_henri_11.1.1945_back.jpg,no,,Lettre du 11 janvier 1945 (Henri à Jean et Michel),NEUILLY le 11 janvier 1945,"Cher Jean. Cher Michel. Avant propos Je vais vous donner quelques nouvelles de Neuillyqui vous feront bien plaisir. J’ai reçu votre lettrel’autre fois, vous m’aviez dit ce que vous avezeu [à] Noël, moi aussi j’ai été gâté par madameValentin. Le 2 Janvier 1945 j’ai été voir S. Clotildeavec Annette. Comme c’était trop tot alors j’aimonté le Bon Marcher avec Annette. Elle vousa donné un chwg gum pour chacun, c’est adire un pour toi et un pour Michel – Papa vientme voir assez souvent et il voudrait bienque touts les garçons reviennent – Tu saisJean excuse moi pour l’écriture, mais j’aimal au doigt (un mal blanc) tu saisj’ai toutes les deveines. J’ai encore eu unecrotte à l’oeil. En ce moment il y a dela neige, de la neige, la neige… Mais aujour-d’hui c’est comblé. 15cm de neige ontne peut pas marcher, heureusement quec’est Jeudi, alors ont reste à la grandesalle.1er stade. Alors maintenant parlons de l’ecole Supérieure.Je suis rentré à l’école le 3 Janvier. Très bienreçu par les copains, nous sommes15 dans notre classe – Pour l’arithmétique : c’estl’algebre en sont plein (x + y – z + x) heureuse-ment que j’en ai fait avec l’abbé [?]Orthographe c’est le directeur comme l’annéedernières – Géo : le monde – l’Histoire Ancienne –Chimie – Physique – litérature – Système Métriqueles degrés Anglais – ça peut aller. Juste unmoment une petite histoire. Il y a un petitde 5 ans. Alors les 3 autres ils y ont faitnettoyer les cabinets avec la neige alors ilétait gelé. Il criait : ça brule.Quelle Vie…Je t’envoie une boite de peinture. Tu mediras merci cet à dire tu m’écrirasEst-ce que vous avez reçu les couteaux-Brian est venu. Lemoine aussi etMon [bronefaye?] aussi. Nous avons eutla visite de Miss Rolland et Mr Desprez. Rollandreviendra demain. Alors je n’ai plu riena te dire.          Je t’embrasse bien ainsi que                Michel                       Votre grand frère                                   Henri Muller","Letter from January 11, 1945 (from Henri to Jean and Michel)",NEUILLY January 11th 1945,"Dear Jean. Dear Michel. 
Foreword I will give you some news from Neuilly that will please you. I received your letter the other day, you told me what you had for Christmas, I too have been spoiled by Madame Valentin. On January 2, 1945 I went to see S. Clotilde with Annette. As it was too early, I went up to the Bon Marcher [sic] with Annette. She gave a chwg gum for each of you, that is one for you and one for Michel - Papa comes to see me quite often and he would like all the boys to come back - You know Jean, excuse me for my handwriting, but my finger hurts (an abscess) you know I have all the misfortunes. I had a stye in my eye again. At the moment there is snow, snow, snow... But today it's the top. 15cm of snow we can't walk, fortunately it's Thursday, so we stay in the big hall. 
1st stage. So now let's talk about Superior School. I started school on January 3rd. Very well received by my friends, we are 15 in our class - For arithmetic: it's algebra at its maximum (x + y - z + x) fortunately I studied some with the abbot [?] Spelling : it is the director as last year - Geo: the world - Ancient History - Chemistry - Physics - Literature - Metric System English angles - it's okay. Pause for an anecdote. There is a little 5 year-old. So the other 3 had him clean the toilets with snow so he was frozen. He was screaming: ""It's burning!"" What a life... I send you a can of paint. You will say thank you to me meaning you will write to me Did you get the knives- Brian came. Lemoine too and Mon [?] too. We had the visit of Miss Rolland and Mr. Desprez. Rolland will come back tomorrow. Well I have nothing more to tell you. I send you a big kiss as well as Michel 
Your big brother Henri Muller
",,
/assets/images/muller/letters/lettre_henri_27.3.45.jpg,/assets/images/muller/letters/lettre_henri_27.3.45_back.jpg,yes,,Lettre du 27 mars 1945 (Henri à Manek),Versailles le 27.3.45,"-Mon cher papaLes vacances sont commencées et nous nous amusons très bien.Nous jouons aux soldats, et atoutes sortes de jeux. J’espère quetoi tu vas très bien et que Pierreva bien aussi. Je vais te donner l’adresse pour la Fêtequ’il y aura le Dimanche1er Avril, c’est Dimanche quiarrive.Voilà l’adresse    30 rue Saint Hilaire           La Varenne                  ((Seine et Oise))Il faudra prendre le train à10H55 à la BastilleJ’espère que tu y iras avecPierre et Annette. Pour lesenfants Annette pourra manger avec nous, mais pour lesgrandes personnes il faut deman-der au Comite 36 rue Hamelot.  Au revoir mon cher papaJean va  36 rue Hamelot Jeudiil prendra le train à 9H22.Donc il arrivera à Pariscomme l’autre fois vers 9H50-10HJe t’embrasse bien fort    Henri Muller.","Letter from March 27, 1945 (from Henri to Manek)","Versailles, 3.27.45","My dear dad 
The vacations have started and we are having a great time. We are playing soldiers, and all kinds of games. I hope that you are very well and that Pierre is well too. I will give you the address for the ceremony that will take place on Sunday April 1st, it is this Sunday coming. Here is the address 30 rue Saint Hilaire La Varenne ((Seine et Oise)) You will need to take the train at 10:55 from the Bastille I hope you will go with Pierre and Annette. For the children Annette will be able to eat with us, but for the adults you have to ask to the Comite 36 rue Hamelot [sic]. Goodbye my dear dad Jean goes to 36 rue Hamelot [sic] on Thursday he will take the train at 9:22 am. So he will arrive in Paris like the other time around 9:50-10 I send you a big kiss 
Henri Muller.
",,
/assets/images/muller/letters/lettre_annette_Henri_ 1945.jpg,/assets/images/muller/letters/lettre_annette_Henri_ 1945_back.jpg,yes,,Lettre après-guerre (Annette à Henri),1945,"Mon cher Henri.Merci beaucoup de tes lettres, elles m’ontfaient toutes les 2 un plaisir vraiment grandet un peu de déplaisir.Du déplaisir surtout, c’est parce que tuperds si vide confiance en moi. Que je net’ai pas envoyé tout de suite tes affaires, çaje sais, j’ai tort, très tort même, mais je t’ex-pliquerai tout à l’heure pourquoi je ne te les ai pas envoyées. Mais que tu doutes que j’ai encore dépensé l’argent que tu m’as don-né, alors mon Henri, ça, ça ne va plus. Maisalors pour qui me prends-tu ?  Quand au colis que tu m’as dit de t’en-voyer, écoutes bien ce que je vais t’en dire.Le jour que je suis arrivée, je n’ai pu rienfaire, c’était le soir, tu me comprend n’est-ce pas. Bon. Le lendemain ça a déjà com-mencé à me tracasser – donc je vais dans lachambre de Marc et lui demande tes affaires,tu vois que quand même, je voulais tenirmes promesses, donc au fond, je ne suis pas tout à fait comme tu le crois. Mais re-venons au sujet. Donc, Marc me donnetes affaires, une caisse énorme, lorquej’ai vu ça, ça à commencer déjà à me refroidir. Je ne suis pas su tout débrouil-larde, tu le sais bien. Il m’a emmené lacaisse dans la salle de bain de notre cham-bre. Elle y est encore en ce moment. Je luiest dit merci, et il est parti. Bon, me voilà alors la caisse entremes mains. Ah ! cette caisse Bon Dieu !Je m’en souviendrais souvent. Elle m’enaura donné du tracas, je t’assure.Je suis curieuse, tu le sais, comme tou-tes les femmes. Pas plus tôt que je l’eusje l’ai ouverte, et bien sur, j’ai vudes choses qui me plaisaient, et qui pourraient très vien me servir pourla cinquième. D’abord le livre de Système Métrique, c’est celui qu’il mefaut, alors je l’ai pris. Les autres li-vres c’est Lotte qui les a pris, pas tousparce qu’elle a vu qu’il y en a qui t’ap-partenaient. Dans ta prochaine lettretu me diras exactement ce qui t’appar-tient oui ou non, car c’est ça qui metracassent le plus. J’ai prit le petitdictionnaire Anglais-Français Laroussesi tu t’en sers, je te le renverrais.Est-ce que tu te sers de la boite à compassi non, ne pourrais-tu pas me la prettez.Tu sais Henri j’ai besoin d’un stylo,très, très besoin, ne pourrais-tu pas m’en envoyer un avec le mantea écossais ?s’il-te-plaît.Tu ne te serais pas douté que je seraisrecu en cinquieme hein ! moi non plusd’ailleurs, on a déjà fait 6 compositions,je n’ai qu’une note le Français, la rédac-tion, quoi ! tu comprends, j’ai 13 sur 20, jesuis troisième sur 28. Puis on a faitune composition aussi, j’ai eu huit etdemi sur 10.Jean m’a écrit, mais je ne me rappel-le plus son adresse. Veux-tu me l’en-voyer, et tu seras un ange. Est-ceque Michel est encore à Paris ?as-tu entendu parlé de l’exposition destravaux d’enfants à Paris. C’est Mé-honcourt qui a eu la victoire.On a une belle salle d’étude main-tenant, c’est l’ancien bureau. Le nou-veau bureau est dans l’ancienne cham-bre de Mme Herman, qui est parti.Jacquie et Bernard se marie aujour-d’hui, et partent le soir à Montpelier.Buart va t’écrire, Albert Grabert mel’a dit, et même Albert te souhaite bon-jour, ainsi que Marc, Lotte, tout le mon-de enfin. Les petits de Bernard deman-dent toujours quand reviendras-tu.J’embrasse bien fort papa, tu lui diraque je me porte bien, que j’irai levoir à Noël, et que j’embrasse toutle monde ainsi que Pierrot bien sûr.Bonjour à Rachel et à sa famille.  N’oublie pas le manteau et lestylo (si tu peux) ne fais pas comme moi. ta seu (je ne sais même plusécrire soeur maintenant.) ta soeur.                      Bons baisers.                        Annettett                                 (mais je suis folle)                this is a pen this is a over-coat                             this is a caisse à Henri                                       Muller",Letter from Annette to Henri ,1945,"My dear Henri. 
Thank you very much for your letters, they have made me both very happy and a bit of displeased. Somewhat displeased especially, because you lose faith in me so fast. That I didn't sent you your things right away, that I know, I'm wrong, very wrong even, but I'll explain to you later why I didn't send it to you. But that you doubt that I've already spent the money you gave me, so my dear Henri, that is not right. But who do you think I am? As for the package you told me to send you listen carefully to what I'm going to tell you about it. The day I arrived, I couldn't do anything, it was the evening, you understand me, don't you. So, the next day it already started to bear on my mind - so I go to Marc's room and ask him for your things, you see that despite everything I wanted to keep my promises, so deep down, I'm not quite sure what you think I am. But let's get back to the point. So, Marc gives me your stuff, a huge box, when I saw that, it already started to intimidate me. I am not resourceful at all. You know that. He took the box to the bathroom of our room. It's still there now. I thanked him, and he left. Well, here I am with the box in my hands. Ah! that box, for God's sake! I will remember it for a long time. It will have given me a lot of trouble, I assure you. I'm curious, you know, like all women. No sooner did I get it I opened it, and sure enough, I saw things that I liked, and that could very well serve me for the the seventh grade. First of all the book on the Metric System, that's the one I need, so I took it. The other books Lotte took them, not all of them because she saw that some of them belonged to you. In your next letter you will tell me exactly what is yours or not, because that's what's bothering me the most. I took the little Larousse English-French dictionary if you use it, I will send it back to you. Are you using the compass box if not, couldn't you lend it to me. You know Henry I need a pen, very, very badly, couldn't you send me one with the plaid coat? Please. You wouldn't have thought I'd be in the seventh grade, did you? Neither did I.
as a matter of fact, we've already done 6 compositions, I only have one grade in French, the essay, you know! you understand, I got 13 out of 20, I'm third out of 28. Then we did a composition too, I got eight and a half out of 10. Jean wrote to me, but I don't remember his address. Would you please send it to me, and you will be an angel. Is Michel still in Paris? Have you heard about the exhibition of children's work in Paris. It was Méhoncourt that won. We have a beautiful study room now, it's the old office. The new office is in the old room of Mrs. Herman, who has left. Jacquie and Bernard are getting married today, and are leaving in the evening for Montpelier. Buart will write to you, Albert Grabert told me, and even Albert says hi, as well as Marc, Lotte, every one in fact. Bernard's little ones always ask when you'll be back. I give Dad a big kiss, you tell him that I'm doing well, that I'm going to see him at Christmas, and that I kiss everyone and Pierrot of course. Hello to Rachel and her family. Don't forget the coat and the pen (if you can) don't do like me. your sister (I don't even know how to write sister now.) your sister. Love to you. Annettett (but I am crazy)



",,
/assets/images/muller/letters/carte_henri_26.12.1945.jpg,/assets/images/muller/letters/carte_henri_26.12.1945_back.jpg,yes,,Carte du 26 décembre 1945 (Henri et Annette à Manek),26.12.45,"Cher Papa                     26.12.45C’est un peu tard mais je tiens te souhaiter une des bonnes vacances 45-46. Moi aussi je suis en vacances, et je ne perds pas mon temps. Matin lever à 8H ½ - gymnastique 81/2- 9H1/4 - Ensuite de 9H moins le ¼ à 9H Lavage – 9H à 9H1/2 – petit déjeuner. Et après jusqu’à Midi travail : Dessin – decoupage lecture – menuiserie – et l’après-midi – Jeux.Tu vois sa va très bien. Pour le jour de NoëlAnnette a été invité par les Americains. Comme l’Année derniere. Tu sais papa, je regrette de ne pas être près de toi, pour passer ces quelques jours. J’espere que tu vas bien [?]que. J’ai reçu le colis. Merci beaucoup.Dis à Michel qu’il m’écrive. Je joue aussi au Ping-Pong et au Foot-Ball. Je ne m’ennuie pas comme à Neuilly.                 Je t’embrasse bien fort                                 Henri Muller     Annette","Postcard from December 26, 1945(from Henri and Annette to Manek)",12.26.45,"Dear Dad 
It's a little late but I want to wish you a good vacation 45-46. I am also on holiday, and I do not waste my time. Morning get up at 8:30 - gymnastics 8:30- 8:45 - Then from 8:45 to 9 Washing - 9 to 9:30 - breakfast. And then until noon work: Drawing - cutting reading - carpentry - and in the afternoon - games. You see it goes very well. For Christmas Day Annette was invited by the Americans. Like last year. You know dad, I wish I were near you, to spend these few days. I hope you are well. I received the package. Thank you very much. Tell Michel to write me. I also play Ping-Pong and Foot-Ball. I am not bored like in Neuilly. I send you a big kiss
 Henri Muller            Annette



","Mons. Muller Henri
Chateau de Méhoncourt
Route de l’Eventail
Le Mans 
(Sarthe)
","M. Muller Manuel (sic)
3 rue de l’Avenir
Paris 20eme
(Seine)

"
/assets/images/muller/letters/carte_henri_26.12.1945_2.jpg,,no,,Carte du 26 décembre 1945 (Henri et Annette à Manek),26.12.45,"Cher Papa                     26.12.45  Et l’instant que je viens de finir la première lettre on m’apporte ta lettre datée lundi 24. Je suis très content. Ne te désole pas Annette n’est pas malade. C’était un rhume. A nnette à tout ce qu’il lui faut comme habillage culotte longue, soulier, menteau. Donc ne t’occupe pas de sa. Moi on m’a donné n imperméable et des bonnes chaussures et on va me donner un menteau. On m’a aussi donné un complet avec 2 culottes longues. Tu vois je suis bien habillé. Donc tu vois, tout va bien chez moi. Viens vite au jour de l’an. Papa, je vais t’envoyer le plutot possible 5 batons de soudures d’étain avec une petite boite d’ [?]. J’en ai déjà vu au Mans. C’est très trouvable. Le marcher est tous les vendredi. Donc j’irai… Je t’embrasse bien fort.                                                     Henri MullerMon Cher papa, il ne faut pas croire que je suis malade, oui j’ai unerhume mais c’est finit. Je t’attendsavec impatience.Annette                   Ta petite fille qui t’aime                                             bien. Bons baisers","Postcard from December 26, 1945(from Henri and Annette to Manek)",12.26.45,"Dear Dad 
And the moment that I have just finished the first letter they bring me your letter dated Monday 24. I am very happy. Don't be sorry, Annette is not sick. It was a cold. Annette has everything she needs clothes-wise long pants, shoes, coat. So don't worry about her. I was given a raincoat and good shoes and I'm going to get a coat. I was also given a suit with two pairs of long pants. You see, I am well dressed. So you see, everything is fine with me. Come quickly on New Year's Day . Dad, I'll send you as soon as possible 5 soldering sticks with a small box of [?]. I've already spotted some in Le Mans. It's very easy to find. The market is every Friday. So I will go... I kiss you very much. 
Henri Muller 

My dear dad, you must not believe that I am sick, yes I have cold but it's over. I am waiting for you with impatience.
 Annette Your little daughter who loves you very much. Good kisses
",,